y_tile,x_tile
105580,60573
105580,60574
105580,60575
105580,60576
105580,60577
105580,60578
105580,60579
105580,60580
105580,60581
105580,60582
105580,60583
105580,60584
105580,60585
105580,60586
105580,60587
105581,60573
105581,60574
105581,60575
105581,60577
105581,60578
105581,60588
105581,60589
105581,60590
105581,60591
105582,60588
105582,60589
105582,60590
105582,60591
105582,60592
105582,60593
105583,60588
105583,60589
105583,60590
105583,60591
105583,60592
105583,60593
105583,60594
105584,60588
105584,60589
105584,60590
105585,60561
105585,60562
105586,60561
105586,60562
105587,60560
105587,60561
105587,60562
105588,60557
105588,60558
105588,60559
105588,60560
105588,60561
105588,60562
105589,60557
105589,60558
105589,60559
105589,60560
105589,60561
105589,60562
105590,60557
105591,60543
105592,60542
105592,60543
105592,60566
105592,60567
105592,60568
105592,60569
105592,60570
105592,60571
105592,60572
105593,60542
105593,60543
105593,60564
105593,60565
105593,60566
105593,60567
105593,60568
105593,60569
105593,60570
105593,60571
105593,60572
105593,60573
105593,60574
105593,60575
105593,60576
105593,60577
105593,60578
105593,60579
105593,60589
105593,60590
105593,60591
105593,60592
105593,60593
105593,60594
105593,60595
105594,60541
105594,60542
105594,60543
105594,60563
105594,60564
105594,60565
105594,60566
105594,60567
105594,60568
105594,60569
105594,60570
105594,60571
105594,60572
105594,60573
105594,60574
105594,60575
105594,60576
105594,60577
105594,60578
105594,60579
105594,60589
105594,60590
105594,60591
105594,60592
105594,60593
105594,60594
105594,60595
105595,60541
105595,60542
105595,60543
105595,60563
105595,60564
105595,60565
105595,60566
105595,60567
105595,60568
105595,60569
105595,60570
105595,60575
105595,60576
105595,60577
105595,60578
105595,60579
105595,60589
105595,60590
105595,60591
105595,60592
105595,60593
105595,60594
105596,60540
105596,60541
105596,60542
105596,60543
105596,60563
105596,60564
105596,60576
105596,60577
105596,60578
105596,60579
105597,60539
105597,60540
105597,60541
105597,60542
105597,60543
105597,60575
105603,60564
105603,60565
105603,60566
105603,60567
105603,60568
105603,60569
105603,60570
105603,60571
105603,60572
105603,60573
105603,60574
105603,60575
105603,60576
105603,60577
105603,60578
105603,60579
105603,60580
105603,60581
105603,60582
105603,60583
105603,60584
105603,60585
105603,60586
105603,60587
105603,60588
105603,60589
105603,60590
105603,60591
105603,60592
105603,60593
105603,60594
105603,60595
105603,60596
105603,60597
105603,60598
105603,60599
105603,60600
105603,60601
105603,60602
105603,60603
105603,60604
105603,60605
105603,60606
105603,60607
105604,60564
105604,60565
105604,60581
105604,60582
105604,60583
105604,60584
105604,60585
105604,60586
105604,60595
105604,60596
105604,60597
105604,60598
105604,60599
105604,60600
105604,60601
105604,60602
105604,60603
105604,60604
105604,60605
105604,60606
105605,60595
105605,60596
105605,60597
105605,60598
105605,60599
105605,60600
105605,60601
105605,60602
105605,60603
105605,60604
105606,60595
105606,60596
105606,60597
105606,60598
105606,60599
105607,60595
105609,60591
105610,60570
105610,60571
105610,60585
105610,60586
105610,60587
105610,60588
105610,60589
105610,60590
105610,60591
105610,60592
105610,60593
105610,60594
105610,60600
105610,60601
105610,60602
105610,60603
105610,60604
105610,60605
105610,60606
105610,60607
105611,60569
105611,60570
105611,60571
105611,60572
105611,60573
105611,60574
105611,60585
105611,60586
105611,60587
105611,60588
105611,60589
105611,60590
105611,60591
105611,60592
105611,60593
105611,60594
105611,60600
105611,60601
105611,60602
105611,60603
105611,60604
105611,60605
105611,60606
105611,60607
105612,60568
105612,60569
105612,60570
105612,60571
105612,60572
105612,60573
105612,60574
105612,60575
105612,60576
105612,60577
105612,60584
105612,60585
105612,60586
105612,60587
105612,60588
105612,60589
105612,60590
105612,60591
105612,60592
105612,60593
105612,60594
105612,60595
105612,60600
105612,60601
105612,60602
105612,60603
105613,60568
105613,60569
105613,60584
105613,60585
105613,60586
105613,60587
105613,60592
105613,60593
105613,60594
105613,60595
105614,60583
105614,60584
105614,60585
105614,60592
105614,60593
105614,60594
105614,60595
105615,60582
105615,60583
105615,60584
105615,60585
105615,60586
105615,60593
105615,60594
105615,60595
105616,60582
105616,60583
105616,60584
105616,60592
105617,60580
105617,60596
105617,60597
105617,60598
105617,60599
105618,60578
105618,60579
105618,60595
105618,60596
105618,60597
105618,60598
105618,60599
105619,60569
105619,60574
105619,60575
105619,60576
105619,60577
105619,60578
105619,60594
105619,60595
105619,60596
105619,60597
105619,60598
105619,60599
105620,60569
105620,60570
105620,60574
105620,60575
105620,60576
105620,60577
105620,60594
105620,60595
105620,60596
105620,60597
105620,60598
105621,60569
105621,60570
105621,60574
105621,60575
105621,60576
105624,60581
105624,60582
105624,60583
105624,60584
105624,60585
105624,60586
105624,60587
105624,60588
105624,60589
105624,60590
105624,60591
105624,60594
105624,60595
105624,60596
105624,60597
105624,60598
105624,60599
105624,60600
105624,60601
105624,60602
105624,60603
105624,60604
105624,60605
105624,60606
105625,60572
105625,60573
105625,60574
105625,60575
105625,60581
105625,60582
105625,60583
105625,60584
105625,60585
105625,60586
105625,60587
105625,60588
105625,60589
105625,60590
105625,60591
105625,60594
105625,60595
105625,60596
105625,60597
105625,60598
105625,60599
105625,60600
105625,60601
105625,60602
105625,60603
105625,60604
105625,60605
105625,60606
105626,60571
105626,60572
105626,60573
105626,60574
105626,60575
105626,60576
105626,60581
105626,60582
105626,60583
105626,60584
105626,60585
105626,60586
105626,60587
105626,60588
105626,60589
105626,60590
105626,60591
105626,60594
105626,60595
105626,60596
105626,60597
105626,60598
105626,60599
105626,60600
105626,60601
105626,60602
105626,60603
105626,60604
105626,60605
105627,60569
105627,60570
105627,60571
105627,60572
105627,60573
105627,60574
105627,60575
105627,60581
105627,60582
105627,60587
105627,60588
105627,60589
105627,60594
105627,60595
105628,60569
105628,60570
105628,60571
105628,60586
105628,60587
105630,60806
105630,60807
105631,60806
105631,60807
105631,60808
105631,60809
105631,60810
105632,60805
105632,60806
105632,60807
105632,60808
105632,60809
105632,60810
105632,60811
105633,60805
105633,60806
105633,60807
105633,60808
105633,60809
105634,60804
105635,60582
105635,60583
105635,60584
105635,60585
105635,60586
105635,60587
105635,60588
105635,60589
105635,60590
105635,60591
105635,60592
105635,60593
105635,60594
105635,60595
105635,60596
105635,60597
105635,60598
105635,60599
105636,60582
105636,60583
105636,60584
105636,60585
105636,60586
105636,60587
105636,60588
105636,60595
105636,60596
105636,60597
105636,60598
105636,60599
105637,60595
105637,60596
105637,60597
105637,60598
105637,60599
105638,60595
105638,60596
105638,60597
105638,60598
105638,60599
105642,60813
105643,60596
105643,60597
105643,60598
105643,60599
105643,60810
105643,60811
105643,60812
105643,60813
105643,60814
105643,60815
105644,60586
105644,60587
105644,60588
105644,60589
105644,60590
105644,60591
105644,60592
105644,60593
105644,60594
105644,60595
105644,60596
105644,60597
105644,60598
105644,60599
105644,60600
105644,60601
105644,60602
105644,60603
105644,60604
105644,60605
105644,60606
105644,60808
105644,60809
105644,60810
105644,60811
105644,60812
105644,60813
105644,60814
105644,60815
105645,60582
105645,60583
105645,60584
105645,60585
105645,60586
105645,60587
105645,60588
105645,60589
105645,60590
105645,60591
105645,60592
105645,60593
105645,60594
105645,60595
105645,60596
105645,60597
105645,60598
105645,60604
105645,60605
105645,60606
105645,60806
105645,60807
105645,60808
105645,60809
105645,60810
105646,60603
105646,60604
105646,60605
105646,60606
105647,60601
105647,60602
105647,60603
105647,60604
105647,60605
105647,60606
105648,60575
105648,60576
105648,60577
105648,60578
105648,60579
105648,60580
105648,60581
105648,60601
105648,60602
105648,60603
105648,60604
105648,60605
105649,60575
105649,60576
105649,60577
105649,60578
105649,60579
105649,60580
105649,60581
105649,60594
105649,60595
105650,60575
105650,60576
105650,60577
105650,60578
105650,60579
105650,60580
105650,60594
105650,60595
105650,60596
105651,60594
105651,60595
105651,60596
105651,60597
105651,60598
105651,60648
105651,60649
105651,60650
105651,60651
105651,60652
105652,60594
105652,60595
105652,60596
105652,60597
105652,60598
105652,60599
105652,60600
105652,60601
105652,60648
105652,60649
105652,60650
105652,60651
105652,60652
105653,60594
105653,60595
105653,60648
105653,60649
105653,60650
105653,60651
105653,60652
105654,60648
105654,60649
105654,60650
105654,60651
105654,60652
105656,60556
105656,60557
105656,60558
105656,60559
105656,60560
105656,60561
105656,60562
105656,60563
105656,60564
105656,60565
105656,60566
105656,60567
105656,60568
105656,60569
105657,60557
105657,60558
105657,60559
105657,60560
105657,60561
105657,60562
105658,60617
105658,60618
105658,60619
105658,60620
105658,60621
105658,60622
105658,60623
105658,60624
105658,60625
105658,60626
105658,60627
105659,60557
105659,60558
105659,60559
105659,60560
105659,60561
105659,60562
105659,60563
105659,60564
105659,60565
105659,60566
105659,60576
105659,60577
105659,60578
105659,60579
105659,60580
105659,60581
105659,60619
105659,60620
105659,60621
105659,60622
105659,60623
105659,60624
105659,60625
105659,60626
105660,60548
105660,60549
105660,60557
105660,60558
105660,60559
105660,60560
105660,60561
105660,60562
105660,60563
105660,60564
105660,60565
105660,60566
105660,60567
105660,60568
105660,60569
105660,60570
105660,60576
105660,60577
105660,60578
105660,60579
105660,60580
105660,60581
105660,60621
105661,60546
105661,60547
105661,60548
105661,60549
105661,60557
105661,60558
105661,60559
105661,60560
105661,60561
105661,60562
105661,60563
105661,60564
105661,60565
105661,60566
105661,60567
105661,60568
105661,60569
105661,60570
105661,60576
105661,60577
105661,60578
105661,60579
105661,60580
105661,60581
105662,60544
105662,60545
105662,60546
105662,60547
105662,60548
105662,60549
105662,60557
105662,60558
105662,60576
105662,60577
105662,60768
105662,60769
105662,60770
105663,60542
105663,60543
105663,60544
105663,60545
105663,60546
105663,60547
105663,60548
105663,60549
105663,60550
105663,60551
105663,60552
105663,60553
105663,60554
105663,60555
105663,60556
105663,60768
105663,60769
105663,60770
105663,60771
105664,60538
105664,60539
105664,60540
105664,60541
105664,60542
105664,60543
105664,60544
105664,60545
105664,60550
105664,60551
105664,60552
105664,60553
105664,60554
105664,60555
105664,60556
105664,60625
105664,60626
105664,60637
105664,60638
105664,60639
105664,60640
105664,60641
105664,60642
105664,60643
105664,60768
105664,60769
105664,60770
105664,60771
105665,60535
105665,60536
105665,60537
105665,60538
105665,60539
105665,60540
105665,60541
105665,60542
105665,60543
105665,60550
105665,60551
105665,60552
105665,60553
105665,60554
105665,60555
105665,60625
105665,60626
105665,60627
105665,60635
105665,60636
105665,60637
105665,60638
105665,60639
105665,60640
105665,60641
105665,60642
105665,60643
105665,60768
105665,60769
105665,60770
105665,60771
105666,60533
105666,60534
105666,60535
105666,60624
105666,60625
105666,60626
105666,60627
105666,60628
105666,60631
105666,60632
105666,60633
105666,60634
105666,60768
105666,60769
105666,60770
105666,60771
105667,60624
105667,60625
105667,60626
105667,60627
105667,60628
105667,60629
105667,60768
105668,60624
105668,60625
105668,60626
105668,60627
105668,60631
105669,60631
105669,60632
105670,60489
105670,60532
105670,60533
105670,60534
105670,60535
105670,60536
105670,60537
105670,60538
105670,60539
105670,60540
105670,60541
105670,60542
105670,60543
105670,60544
105670,60545
105670,60546
105670,60547
105670,60548
105670,60549
105670,60550
105670,60551
105670,60552
105670,60553
105670,60554
105670,60555
105670,60556
105670,60557
105670,60558
105670,60559
105670,60560
105670,60561
105670,60562
105670,60563
105670,60564
105670,60565
105670,60566
105670,60567
105670,60568
105670,60569
105670,60570
105670,60571
105670,60572
105670,60573
105670,60574
105670,60575
105670,60576
105670,60577
105670,60578
105670,60579
105670,60580
105670,60581
105670,60582
105670,60583
105670,60584
105670,60585
105670,60586
105670,60587
105670,60588
105670,60589
105670,60590
105670,60591
105670,60592
105670,60593
105670,60594
105670,60595
105670,60596
105670,60597
105670,60598
105670,60599
105670,60600
105670,60601
105670,60602
105670,60603
105670,60604
105670,60605
105670,60606
105670,60607
105670,60608
105670,60609
105670,60610
105670,60611
105670,60612
105670,60613
105670,60631
105670,60632
105670,60633
105671,60488
105671,60489
105671,60490
105671,60491
105671,60492
105671,60493
105671,60494
105671,60532
105671,60533
105671,60534
105671,60535
105671,60536
105671,60537
105671,60538
105671,60539
105671,60540
105671,60541
105671,60542
105671,60543
105671,60544
105671,60545
105671,60546
105671,60547
105671,60548
105671,60549
105671,60556
105671,60557
105671,60558
105671,60559
105671,60560
105671,60561
105671,60562
105671,60563
105671,60564
105671,60565
105671,60566
105671,60567
105671,60568
105671,60569
105671,60570
105671,60571
105671,60572
105671,60573
105671,60574
105671,60575
105671,60576
105671,60577
105671,60578
105671,60579
105671,60580
105671,60581
105671,60582
105671,60583
105671,60584
105671,60585
105671,60586
105671,60587
105671,60594
105671,60595
105671,60596
105671,60597
105671,60598
105671,60599
105671,60600
105671,60607
105671,60608
105671,60609
105671,60610
105671,60611
105671,60612
105671,60613
105671,60631
105671,60632
105671,60633
105671,60634
105672,60489
105672,60490
105672,60491
105672,60492
105672,60493
105672,60494
105672,60495
105672,60496
105672,60532
105672,60533
105672,60534
105672,60535
105672,60536
105672,60537
105672,60538
105672,60539
105672,60540
105672,60541
105672,60542
105672,60556
105672,60557
105672,60558
105672,60559
105672,60560
105672,60561
105672,60563
105672,60564
105672,60565
105672,60566
105672,60607
105672,60608
105672,60609
105672,60610
105672,60611
105672,60612
105672,60622
105672,60623
105672,60624
105672,60625
105672,60626
105672,60627
105672,60630
105672,60631
105672,60632
105672,60633
105672,60634
105672,60635
105672,60636
105672,60767
105672,60768
105672,60769
105672,60770
105672,60771
105672,60772
105672,60773
105672,60774
105673,60491
105673,60492
105673,60493
105673,60494
105673,60532
105673,60533
105673,60538
105673,60539
105673,60540
105673,60541
105673,60542
105673,60622
105673,60623
105673,60624
105673,60625
105673,60626
105673,60627
105673,60628
105673,60630
105673,60631
105673,60632
105673,60767
105673,60768
105673,60769
105673,60770
105673,60771
105673,60772
105673,60773
105673,60774
105674,60607
105674,60616
105674,60617
105674,60618
105674,60619
105674,60620
105674,60621
105674,60622
105674,60623
105674,60624
105674,60625
105674,60626
105674,60627
105674,60628
105674,60769
105674,60770
105674,60771
105674,60772
105675,60607
105675,60608
105675,60616
105675,60617
105675,60618
105675,60619
105675,60620
105676,60543
105676,60544
105676,60545
105676,60546
105676,60547
105676,60548
105676,60549
105676,60550
105676,60551
105676,60552
105676,60553
105676,60554
105676,60555
105676,60581
105676,60607
105676,60608
105676,60615
105676,60616
105676,60617
105676,60618
105676,60619
105676,60620
105676,60621
105677,60543
105677,60544
105677,60545
105677,60546
105677,60547
105677,60548
105677,60549
105677,60582
105677,60583
105677,60584
105677,60585
105677,60586
105677,60587
105677,60588
105677,60589
105677,60590
105677,60591
105677,60592
105677,60602
105677,60603
105677,60604
105677,60605
105677,60606
105677,60607
105677,60608
105677,60609
105677,60615
105677,60616
105677,60617
105677,60620
105677,60621
105677,60622
105677,60631
105677,60632
105677,60633
105677,60634
105677,60635
105677,60636
105678,60582
105678,60583
105678,60584
105678,60585
105678,60586
105678,60587
105678,60588
105678,60589
105678,60594
105678,60595
105678,60596
105678,60597
105678,60598
105678,60599
105678,60600
105678,60601
105678,60602
105678,60603
105678,60604
105678,60605
105678,60606
105678,60607
105678,60608
105678,60609
105678,60610
105678,60620
105678,60621
105678,60622
105678,60623
105678,60624
105678,60625
105678,60626
105678,60627
105678,60628
105678,60629
105678,60630
105678,60631
105678,60632
105678,60633
105678,60634
105678,60635
105678,60636
105679,60593
105679,60594
105679,60607
105679,60608
105679,60609
105679,60610
105679,60620
105679,60621
105679,60622
105679,60623
105679,60624
105679,60625
105679,60626
105679,60629
105679,60630
105679,60631
105679,60632
105679,60633
105679,60634
105680,60607
105680,60608
105680,60609
105680,60610
105682,60642
105682,60643
105683,60556
105683,60557
105683,60558
105683,60559
105683,60560
105683,60561
105683,60562
105683,60563
105683,60564
105683,60565
105683,60570
105683,60571
105683,60572
105683,60573
105683,60574
105683,60575
105683,60576
105683,60577
105683,60578
105683,60579
105683,60580
105683,60581
105683,60582
105683,60583
105683,60584
105683,60585
105683,60586
105683,60587
105683,60588
105683,60589
105683,60590
105683,60591
105683,60592
105683,60593
105683,60594
105683,60595
105683,60596
105683,60597
105683,60598
105683,60632
105683,60633
105683,60634
105683,60641
105683,60642
105683,60643
105684,60556
105684,60557
105684,60558
105684,60559
105684,60560
105684,60561
105684,60562
105684,60563
105684,60564
105684,60565
105684,60570
105684,60571
105684,60572
105684,60573
105684,60574
105684,60575
105684,60576
105684,60577
105684,60582
105684,60583
105684,60584
105684,60585
105684,60586
105684,60587
105684,60588
105684,60589
105684,60590
105684,60594
105684,60595
105684,60596
105684,60597
105684,60598
105684,60599
105684,60618
105684,60619
105684,60620
105684,60621
105684,60622
105684,60623
105684,60624
105684,60625
105684,60626
105684,60627
105684,60630
105684,60631
105684,60632
105684,60633
105684,60634
105684,60640
105684,60641
105684,60642
105684,60643
105684,60732
105684,60733
105685,60594
105685,60595
105685,60596
105685,60597
105685,60598
105685,60599
105685,60600
105685,60618
105685,60619
105685,60620
105685,60621
105685,60622
105685,60623
105685,60624
105685,60625
105685,60626
105685,60627
105685,60628
105685,60629
105685,60630
105685,60631
105685,60632
105685,60633
105685,60634
105685,60639
105685,60640
105685,60641
105685,60642
105685,60643
105685,60732
105685,60733
105686,60594
105686,60617
105686,60618
105686,60627
105686,60628
105686,60629
105686,60638
105686,60639
105686,60640
105686,60641
105686,60642
105686,60643
105686,60729
105686,60730
105686,60731
105686,60732
105686,60733
105686,60771
105686,60772
105686,60773
105686,60774
105686,60775
105687,60617
105687,60726
105687,60727
105687,60728
105687,60729
105687,60730
105687,60731
105687,60732
105687,60733
105687,60734
105687,60736
105687,60771
105687,60772
105687,60773
105687,60774
105688,60616
105688,60617
105688,60618
105688,60723
105688,60771
105688,60772
105688,60773
105689,60606
105689,60607
105689,60608
105689,60609
105689,60615
105689,60616
105689,60617
105689,60618
105689,60771
105689,60772
105689,60773
105690,60582
105690,60583
105690,60584
105690,60585
105690,60586
105690,60587
105690,60588
105690,60589
105690,60590
105690,60591
105690,60592
105690,60593
105690,60606
105690,60607
105690,60608
105690,60609
105690,60615
105690,60616
105690,60617
105690,60618
105690,60627
105690,60635
105690,60636
105690,60637
105690,60638
105690,60639
105690,60640
105690,60641
105690,60642
105690,60643
105690,60644
105690,60645
105690,60646
105690,60647
105690,60648
105690,60649
105690,60650
105690,60651
105690,60652
105690,60653
105690,60654
105690,60771
105690,60772
105690,60773
105691,60582
105691,60583
105691,60584
105691,60585
105691,60586
105691,60587
105691,60588
105691,60589
105691,60606
105691,60607
105691,60608
105691,60609
105691,60614
105691,60615
105691,60616
105691,60617
105691,60618
105691,60627
105691,60628
105691,60629
105691,60630
105691,60631
105691,60632
105691,60635
105691,60636
105691,60637
105691,60638
105691,60639
105691,60640
105691,60641
105691,60642
105691,60643
105691,60644
105691,60645
105691,60646
105691,60647
105691,60648
105691,60649
105691,60650
105691,60651
105691,60652
105691,60653
105691,60654
105691,60655
105691,60657
105691,60658
105691,60771
105691,60772
105692,60606
105692,60607
105692,60608
105692,60609
105692,60614
105692,60615
105692,60616
105692,60627
105692,60628
105692,60629
105692,60630
105692,60631
105692,60635
105692,60636
105692,60644
105692,60645
105692,60646
105692,60647
105692,60648
105692,60649
105692,60651
105692,60652
105692,60653
105692,60654
105692,60655
105692,60656
105692,60657
105692,60658
105692,60659
105693,60606
105693,60607
105693,60608
105693,60609
105693,60627
105693,60628
105693,60629
105693,60630
105693,60631
105693,60651
105693,60652
105693,60653
105693,60654
105693,60655
105693,60657
105693,60658
105693,60659
105693,60660
105694,60627
105694,60628
105694,60629
105694,60657
105694,60658
105694,60659
105694,60660
105694,60661
105694,60662
105695,60621
105695,60657
105695,60658
105695,60659
105695,60660
105695,60661
105696,60620
105696,60621
105697,60619
105697,60620
105697,60621
105697,60622
105697,60657
105697,60658
105697,60659
105697,60660
105698,60618
105698,60619
105698,60620
105698,60621
105698,60622
105698,60623
105698,60657
105698,60658
105698,60659
105698,60660
105699,60617
105699,60618
105699,60619
105699,60620
105699,60621
105699,60622
105699,60623
105699,60657
105699,60658
105699,60659
105699,60660
105699,60661
105700,60657
105700,60658
105700,60659
105700,60660
105700,60661
105700,60786
105701,60657
105701,60658
105701,60784
105701,60785
105701,60786
105701,60787
105702,60782
105702,60783
105702,60784
105702,60785
105702,60786
105702,60787
105702,60788
105703,60650
105703,60651
105703,60652
105703,60653
105703,60654
105703,60655
105703,60656
105703,60780
105703,60781
105703,60782
105703,60783
105703,60784
105703,60785
105703,60786
105703,60787
105704,60650
105704,60651
105704,60652
105704,60653
105704,60654
105704,60655
105704,60656
105705,60649
105705,60650
105705,60651
105705,60652
105705,60653
105705,60654
105709,60648
105710,60646
105710,60647
105710,60648
105710,60649
105711,60644
105711,60645
105711,60646
105711,60647
105712,60642
105712,60643
105712,60644
105712,60645
105712,60646
105712,60647
105712,60648
105713,60640
105713,60641
105713,60642
105713,60643
105713,60650
105713,60651
105714,60638
105714,60650
105714,60651
105714,60652
105715,60637
105715,60638
105715,60639
105715,60649
105715,60650
105715,60651
105715,60652
105715,60653
105715,60768
105716,60635
105716,60636
105716,60637
105716,60638
105716,60639
105716,60640
105716,60648
105716,60649
105716,60650
105716,60651
105716,60652
105716,60653
105716,60654
105716,60768
105716,60769
105716,60770
105716,60771
105716,60772
105716,60773
105716,60774
105716,60775
105716,60776
105716,60777
105716,60778
105716,60779
105716,60780
105716,60781
105716,60782
105716,60783
105716,60784
105716,60785
105716,60786
105717,60633
105717,60634
105717,60635
105717,60636
105717,60637
105717,60638
105717,60639
105717,60640
105717,60647
105717,60648
105717,60649
105718,60630
105718,60631
105718,60632
105718,60633
105718,60634
105718,60635
105718,60636
105718,60637
105718,60638
105718,60639
105718,60655
105719,60629
105719,60630
105719,60631
105719,60632
105719,60633
105719,60634
105719,60635
105719,60654
105719,60655
105720,60629
105720,60630
105720,60631
105720,60632
105720,60633
105720,60653
105720,60654
105720,60655
105720,60768
105720,60769
105720,60770
105720,60771
105720,60772
105720,60773
105720,60774
105720,60775
105720,60776
105720,60777
105720,60778
105720,60779
105720,60780
105720,60781
105720,60782
105720,60783
105720,60784
105720,60785
105720,60786
105720,60787
105721,60613
105721,60614
105721,60615
105721,60616
105721,60617
105721,60618
105721,60652
105721,60653
105721,60654
105721,60672
105721,60673
105721,60674
105721,60675
105721,60676
105722,60613
105722,60614
105722,60615
105722,60616
105722,60617
105722,60618
105722,60651
105722,60652
105722,60653
105722,60654
105722,60671
105722,60672
105722,60673
105722,60674
105722,60675
105722,60676
105723,60613
105723,60614
105723,60615
105723,60616
105723,60617
105723,60618
105723,60650
105723,60651
105723,60652
105723,60653
105723,60654
105723,60670
105723,60671
105723,60672
105723,60673
105723,60674
105723,60675
105723,60676
105724,60613
105724,60614
105724,60627
105724,60649
105724,60650
105724,60670
105724,60671
105725,60606
105725,60607
105725,60608
105725,60609
105725,60610
105725,60611
105725,60625
105725,60626
105725,60627
105725,60686
105725,60687
105726,60605
105726,60606
105726,60607
105726,60608
105726,60609
105726,60610
105726,60611
105726,60621
105726,60622
105726,60623
105726,60624
105726,60625
105726,60626
105726,60627
105726,60685
105726,60686
105726,60687
105726,60688
105727,60603
105727,60604
105727,60605
105727,60606
105727,60607
105727,60608
105727,60609
105727,60619
105727,60620
105727,60621
105727,60622
105727,60623
105727,60624
105727,60625
105727,60626
105727,60627
105727,60628
105727,60654
105727,60655
105727,60684
105727,60685
105727,60686
105727,60687
105727,60688
105727,60689
105728,60627
105728,60628
105728,60654
105728,60655
105728,60656
105728,60668
105728,60669
105728,60670
105728,60671
105728,60672
105728,60683
105728,60684
105728,60685
105728,60686
105728,60687
105728,60688
105728,60689
105728,60690
105729,60610
105729,60611
105729,60612
105729,60626
105729,60627
105729,60628
105729,60629
105729,60654
105729,60655
105729,60656
105729,60657
105729,60667
105729,60668
105729,60669
105729,60670
105729,60671
105729,60672
105730,60606
105730,60607
105730,60608
105730,60609
105730,60610
105730,60611
105730,60612
105730,60625
105730,60626
105730,60627
105730,60628
105730,60629
105730,60654
105730,60655
105730,60656
105730,60657
105730,60658
105730,60667
105730,60668
105730,60669
105730,60670
105730,60671
105730,60672
105731,60606
105731,60607
105731,60608
105731,60609
105731,60610
105731,60611
105731,60612
105731,60625
105731,60626
105731,60627
105731,60628
105731,60629
105731,60653
105731,60654
105731,60655
105731,60656
105731,60657
105731,60658
105731,60666
105731,60667
105731,60668
105731,60669
105731,60670
105731,60671
105731,60672
105731,60673
105732,60606
105732,60607
105732,60608
105732,60626
105732,60627
105732,60628
105732,60666
105732,60667
105732,60668
105732,60669
105732,60670
105733,60612
105733,60613
105733,60614
105733,60615
105733,60616
105733,60617
105733,60618
105733,60626
105733,60665
105733,60666
105733,60667
105733,60668
105733,60669
105733,60670
105733,60671
105734,60612
105734,60613
105734,60614
105734,60615
105734,60616
105734,60617
105734,60618
105734,60625
105734,60626
105734,60627
105734,60665
105734,60666
105734,60667
105735,60612
105735,60613
105735,60614
105735,60615
105735,60616
105735,60617
105735,60625
105735,60626
105735,60627
105735,60628
105735,60673
105735,60674
105735,60675
105736,60625
105736,60626
105736,60627
105736,60628
105736,60629
105736,60672
105736,60673
105736,60674
105736,60675
105737,60619
105737,60626
105737,60627
105737,60628
105737,60629
105737,60630
105737,60663
105737,60664
105737,60669
105737,60671
105737,60672
105737,60673
105737,60674
105738,60619
105738,60620
105738,60621
105738,60622
105738,60623
105738,60624
105738,60625
105738,60626
105738,60627
105738,60663
105738,60664
105738,60665
105738,60668
105738,60669
105738,60670
105738,60671
105738,60672
105738,60673
105738,60674
105739,60597
105739,60598
105739,60599
105739,60600
105739,60601
105739,60602
105739,60612
105739,60613
105739,60619
105739,60620
105739,60621
105739,60622
105739,60623
105739,60624
105739,60625
105739,60626
105739,60663
105739,60664
105739,60665
105739,60666
105739,60667
105740,60597
105740,60598
105740,60599
105740,60600
105740,60601
105740,60602
105740,60612
105740,60613
105740,60614
105740,60615
105740,60616
105740,60617
105740,60618
105740,60619
105740,60620
105740,60621
105740,60622
105740,60626
105740,60627
105740,60662
105740,60663
105740,60664
105740,60665
105740,60666
105740,60667
105741,60596
105741,60597
105741,60598
105741,60599
105741,60600
105741,60601
105741,60602
105741,60612
105741,60613
105741,60614
105741,60615
105741,60616
105741,60617
105741,60618
105741,60625
105741,60626
105741,60627
105741,60633
105741,60662
105741,60663
105741,60664
105741,60665
105741,60666
105742,60596
105742,60612
105742,60613
105742,60614
105742,60615
105742,60623
105742,60624
105742,60625
105742,60626
105742,60633
105743,60621
105743,60622
105743,60623
105743,60624
105743,60625
105743,60626
105743,60634
105744,60621
105744,60622
105744,60623
105744,60624
105744,60625
105744,60633
105744,60634
105744,60635
105744,60636
105744,60637
105744,60638
105744,60639
105744,60640
105745,60586
105745,60587
105745,60588
105745,60632
105745,60633
105745,60634
105745,60635
105745,60636
105745,60637
105745,60638
105745,60639
105745,60640
105745,60660
105746,60586
105746,60587
105746,60588
105746,60628
105746,60659
105746,60660
105746,60661
105746,60673
105746,60674
105746,60675
105746,60676
105746,60677
105746,60678
105746,60679
105746,60680
105746,60681
105746,60682
105746,60683
105746,60684
105747,60586
105747,60587
105747,60588
105747,60623
105747,60624
105747,60625
105747,60626
105747,60627
105747,60628
105747,60629
105747,60659
105747,60660
105747,60661
105747,60662
105747,60672
105747,60673
105747,60674
105747,60675
105747,60676
105747,60677
105747,60678
105747,60679
105747,60680
105747,60681
105747,60682
105747,60683
105747,60684
105748,60583
105748,60585
105748,60586
105748,60587
105748,60619
105748,60620
105748,60621
105748,60622
105748,60623
105748,60624
105748,60625
105748,60626
105748,60627
105748,60628
105748,60629
105748,60658
105748,60659
105748,60660
105748,60661
105748,60662
105748,60663
105748,60669
105748,60670
105748,60671
105748,60672
105748,60673
105748,60674
105748,60675
105748,60676
105748,60677
105748,60678
105748,60679
105749,60583
105749,60584
105749,60585
105749,60586
105749,60587
105749,60619
105749,60656
105749,60657
105749,60658
105749,60659
105749,60660
105749,60661
105749,60669
105749,60670
105749,60671
105749,60672
105750,60580
105750,60581
105751,60619
105751,60620
105751,60621
105751,60622
105751,60623
105751,60624
105751,60625
105751,60626
105751,60627
105752,60619
105752,60620
105752,60621
105752,60622
105752,60623
105752,60624
105752,60625
105752,60626
105752,60627
105752,60628
105752,60629
105755,60649
105755,60650
105756,60648
105756,60649
105756,60650
105756,60651
105757,60646
105757,60647
105757,60648
105757,60649
105757,60650
105757,60651
105757,60652
105758,60633
105758,60634
105758,60645
105758,60646
105758,60647
105758,60648
105758,60649
105758,60650
105758,60651
105759,60633
105759,60634
105759,60635
105759,60660
105759,60661
105759,60662
105759,60663
105759,60664
105760,60632
105760,60633
105760,60634
105760,60635
105760,60636
105760,60642
105760,60643
105760,60659
105760,60660
105760,60661
105760,60662
105760,60663
105760,60664
105761,60631
105761,60632
105761,60633
105761,60634
105761,60635
105761,60636
105761,60637
105761,60638
105761,60639
105761,60640
105761,60641
105761,60642
105761,60643
105761,60644
105761,60659
105761,60660
105761,60661
105761,60662
105761,60663
105761,60664
105762,60630
105762,60631
105762,60638
105762,60639
105762,60640
105762,60641
105762,60642
105762,60643
105762,60644
105762,60645
105762,60660
105762,60661
105762,60662
105763,60638
105763,60639
105763,60640
105763,60641
105767,60547
105767,60667
105767,60668
105767,60669
105768,60547
105768,60548
105768,60549
105768,60664
105768,60665
105768,60666
105768,60667
105768,60668
105769,60546
105769,60547
105769,60548
105769,60549
105769,60550
105769,60644
105769,60645
105769,60646
105769,60660
105769,60661
105769,60662
105769,60663
105769,60664
105769,60665
105769,60666
105769,60667
105769,60668
105770,60545
105770,60546
105770,60547
105770,60548
105770,60549
105770,60550
105770,60551
105770,60552
105770,60644
105770,60645
105770,60646
105770,60647
105770,60648
105770,60649
105770,60650
105770,60651
105770,60652
105770,60653
105770,60654
105770,60655
105770,60656
105770,60657
105770,60658
105770,60659
105770,60660
105770,60661
105770,60662
105770,60663
105770,60664
105770,60665
105770,60666
105770,60667
105771,60545
105771,60546
105771,60547
105771,60600
105771,60601
105771,60645
105771,60646
105771,60647
105771,60648
105771,60649
105771,60650
105771,60651
105771,60652
105771,60653
105771,60654
105771,60655
105771,60656
105771,60657
105771,60658
105771,60659
105771,60660
105771,60661
105771,60662
105771,60663
105771,60664
105771,60665
105772,60599
105772,60600
105772,60601
105772,60602
105772,60620
105772,60621
105772,60622
105772,60630
105772,60631
105772,60632
105772,60633
105772,60634
105772,60635
105772,60645
105772,60646
105772,60647
105772,60648
105772,60649
105772,60657
105772,60658
105772,60659
105773,60583
105773,60598
105773,60599
105773,60600
105773,60601
105773,60602
105773,60603
105773,60612
105773,60613
105773,60614
105773,60615
105773,60616
105773,60617
105773,60618
105773,60619
105773,60620
105773,60621
105773,60622
105773,60623
105773,60624
105773,60630
105773,60631
105773,60632
105773,60633
105773,60634
105773,60635
105773,60645
105773,60646
105773,60647
105774,60550
105774,60551
105774,60559
105774,60582
105774,60583
105774,60584
105774,60597
105774,60598
105774,60599
105774,60600
105774,60601
105774,60602
105774,60603
105774,60604
105774,60611
105774,60612
105774,60613
105774,60614
105774,60615
105774,60616
105774,60617
105774,60618
105774,60619
105774,60620
105774,60621
105774,60622
105774,60623
105774,60624
105774,60630
105774,60631
105774,60632
105774,60633
105774,60634
105774,60635
105774,60645
105774,60646
105774,60647
105775,60550
105775,60551
105775,60559
105775,60560
105775,60561
105775,60581
105775,60582
105775,60583
105775,60584
105775,60585
105775,60610
105775,60611
105775,60612
105775,60618
105775,60619
105775,60620
105775,60621
105775,60622
105775,60623
105775,60624
105775,60630
105775,60631
105775,60645
105776,60541
105776,60542
105776,60550
105776,60551
105776,60558
105776,60559
105776,60560
105776,60561
105776,60562
105776,60581
105776,60582
105776,60583
105776,60584
105776,60585
105776,60586
105776,60662
105776,60663
105777,60541
105777,60542
105777,60549
105777,60550
105777,60551
105777,60552
105777,60558
105777,60559
105777,60560
105777,60561
105777,60562
105777,60563
105777,60564
105777,60580
105777,60581
105777,60582
105777,60583
105777,60584
105777,60658
105777,60659
105777,60660
105777,60661
105777,60662
105777,60663
105778,60540
105778,60541
105778,60542
105778,60549
105778,60550
105778,60551
105778,60552
105778,60558
105778,60559
105778,60560
105778,60561
105778,60607
105778,60657
105778,60658
105778,60659
105778,60660
105778,60661
105778,60662
105778,60663
105779,60540
105779,60541
105779,60542
105779,60549
105779,60550
105779,60551
105779,60607
105779,60608
105779,60657
105779,60658
105779,60659
105779,60660
105779,60661
105780,60539
105780,60540
105780,60541
105780,60542
105780,60543
105780,60549
105780,60550
105780,60606
105780,60607
105780,60608
105781,60538
105781,60539
105781,60540
105781,60541
105781,60542
105781,60604
105781,60605
105781,60606
105781,60607
105782,60538
105782,60604
105782,60605
105782,60606
105782,60607
105783,60543
105783,60544
105783,60545
105783,60565
105783,60566
105783,60567
105783,60568
105783,60603
105783,60604
105783,60605
105783,60606
105783,60607
105784,60543
105784,60544
105784,60545
105784,60546
105784,60547
105784,60548
105784,60549
105784,60550
105784,60551
105784,60552
105784,60553
105784,60554
105784,60555
105784,60603
105784,60657
105784,60658
105784,60659
105784,60660
105784,60661
105784,60662
105784,60663
105784,60664
105784,60665
105784,60666
105784,60667
105784,60668
105784,60669
105785,60657
105785,60658
105785,60659
105785,60660
105785,60661
105785,60662
105785,60663
105786,60601
105787,60601
105787,60602
105788,60600
105788,60601
105788,60602
105788,60603
105789,60600
105789,60601
105789,60602
105789,60603
105789,60604
105789,60657
105789,60658
105789,60659
105789,60660
105790,60599
105790,60600
105790,60601
105790,60602
105790,60603
105790,60604
105790,60605
105790,60657
105790,60658
105790,60659
105790,60660
105790,60661
105790,60662
105790,60663
105790,60664
105790,60665
105791,60599
105791,60657
105791,60658
105791,60659
105791,60660
105791,60661
105791,60662
105791,60663
105792,60563
105792,60564
105792,60565
105792,60566
105792,60567
105793,60557
105793,60558
105793,60559
105793,60560
105793,60561
105793,60562
105793,60563
105793,60564
105793,60565
105793,60566
105793,60567
105794,60555
105794,60556
105794,60557
105794,60558
105794,60559
105794,60560
105794,60561
105794,60562
105794,60609
105794,60630
105794,60631
105794,60632
105794,60633
105794,60634
105794,60635
105794,60636
105795,60553
105795,60554
105795,60555
105795,60556
105795,60557
105795,60608
105795,60609
105795,60610
105795,60629
105795,60630
105795,60631
105795,60632
105795,60633
105795,60634
105795,60635
105795,60636
105795,60637
105795,60638
105795,60639
105795,60640
105795,60641
105795,60642
105795,60643
105795,60644
105795,60645
105796,60548
105796,60549
105796,60550
105796,60551
105796,60552
105796,60553
105796,60554
105796,60555
105796,60556
105796,60557
105796,60607
105796,60608
105796,60609
105796,60610
105796,60611
105796,60629
105796,60630
105796,60631
105796,60632
105796,60633
105796,60634
105796,60635
105796,60636
105796,60637
105796,60638
105796,60639
105796,60640
105796,60641
105796,60642
105796,60643
105797,60547
105797,60606
105797,60607
105797,60608
105797,60609
105797,60610
105797,60611
105797,60612
105797,60629
105797,60657
105797,60658
105797,60659
105797,60660
105797,60661
105797,60662
105797,60663
105797,60664
105797,60665
105797,60666
105797,60667
105797,60668
105797,60669
105797,60680
105797,60681
105797,60682
105797,60683
105797,60684
105797,60685
105797,60686
105797,60687
105797,60688
105798,60605
105798,60606
105798,60607
105798,60608
105798,60657
105798,60658
105798,60659
105798,60660
105798,60661
105798,60662
105798,60663
105798,60680
105798,60681
105798,60682
105798,60683
105798,60684
105798,60685
105798,60686
105798,60687
105798,60688
105799,60680
105799,60681
105800,60547
105800,60548
105800,60549
105800,60551
105800,60552
105800,60553
105800,60554
105800,60555
105801,60547
105801,60548
105801,60549
105801,60550
105801,60551
105801,60552
105801,60553
105801,60554
105801,60555
105801,60556
105801,60557
105801,60558
105801,60665
105801,60666
105801,60667
105801,60668
105801,60669
105802,60535
105802,60545
105802,60546
105802,60547
105802,60548
105802,60549
105802,60550
105802,60551
105802,60552
105802,60553
105802,60554
105802,60555
105802,60664
105802,60665
105802,60666
105802,60667
105802,60668
105802,60669
105802,60690
105802,60691
105802,60692
105802,60693
105802,60694
105803,60533
105803,60534
105803,60535
105803,60543
105803,60544
105803,60545
105803,60546
105803,60547
105803,60548
105803,60549
105803,60550
105803,60663
105803,60664
105803,60665
105803,60666
105803,60667
105803,60668
105803,60669
105803,60689
105803,60690
105803,60691
105803,60692
105803,60693
105803,60694
105804,60532
105804,60533
105804,60534
105804,60543
105804,60663
105804,60664
105804,60689
105804,60690
105804,60691
105804,60692
105804,60693
105804,60694
105805,60530
105805,60531
105805,60532
105805,60533
105805,60534
105805,60535
105805,60536
105805,60537
105805,60538
105805,60689
105805,60690
105805,60691
105806,60529
105806,60530
105806,60531
105806,60532
105807,60573
105807,60574
105807,60575
105807,60576
105807,60577
105808,60573
105808,60574
105808,60575
105808,60576
105808,60577
105809,60530
105809,60531
105809,60532
105809,60533
105809,60534
105809,60535
105809,60536
105809,60537
105809,60538
105809,60539
105809,60540
105809,60541
105809,60542
105809,60543
105809,60544
105809,60545
105809,60546
105809,60547
105809,60548
105809,60549
105809,60550
105809,60551
105809,60552
105809,60553
105809,60554
105809,60555
105809,60556
105809,60573
105809,60574
105809,60575
105809,60576
105809,60577
105809,60654
105809,60655
105809,60656
105809,60657
105809,60658
105809,60659
105809,60660
105809,60661
105809,60662
105809,60663
105809,60664
105809,60665
105809,60666
105809,60667
105809,60668
105809,60669
105810,60530
105810,60531
105810,60532
105810,60538
105810,60539
105810,60540
105810,60541
105810,60542
105810,60543
105810,60547
105810,60548
105810,60549
105810,60550
105810,60551
105810,60552
105810,60553
105810,60554
105810,60555
105810,60556
105810,60573
105810,60574
105810,60575
105810,60576
105810,60654
105810,60655
105810,60656
105810,60657
105810,60658
105810,60659
105810,60660
105810,60661
105810,60662
105810,60663
105810,60664
105810,60665
105810,60666
105810,60667
105810,60668
105810,60669
105811,60536
105811,60537
105811,60538
105811,60539
105811,60540
105811,60541
105811,60542
105811,60543
105811,60544
105811,60545
105811,60546
105811,60547
105811,60573
105811,60653
105811,60654
105811,60655
105811,60656
105811,60657
105811,60658
105811,60659
105811,60660
105811,60661
105811,60662
105811,60663
105811,60664
105811,60665
105811,60666
105811,60667
105811,60668
105812,60535
105812,60536
105812,60537
105812,60538
105812,60539
105812,60540
105812,60541
105812,60542
105812,60543
105812,60544
105812,60545
105812,60546
105812,60547
105812,60548
105812,60549
105812,60653
105812,60654
105812,60655
105812,60656
105812,60657
105812,60658
105813,60543
105813,60544
105813,60545
105813,60546
105813,60547
105813,60548
105813,60549
105813,60652
105813,60653
105813,60654
105813,60655
105813,60656
105814,60557
105814,60558
105814,60559
105814,60560
105814,60561
105814,60562
105814,60563
105814,60564
105814,60565
105814,60566
105814,60567
105814,60651
105815,60557
105815,60558
105815,60559
105815,60560
105815,60561
105815,60562
105815,60563
105815,60564
105815,60565
105815,60662
105815,60663
105815,60664
105815,60665
105815,60666
105815,60667
105815,60668
105815,60669
105816,60534
105816,60535
105816,60536
105816,60537
105816,60543
105816,60544
105816,60545
105816,60546
105816,60547
105816,60548
105816,60549
105816,60550
105816,60551
105816,60657
105816,60658
105816,60659
105816,60660
105816,60661
105816,60662
105816,60663
105816,60664
105816,60665
105816,60666
105816,60667
105816,60668
105816,60669
105817,60534
105817,60535
105817,60536
105817,60537
105817,60543
105817,60544
105817,60545
105817,60546
105817,60547
105817,60548
105817,60549
105817,60550
105817,60551
105817,60574
105817,60575
105817,60657
105817,60658
105817,60659
105817,60660
105817,60661
105817,60662
105817,60663
105817,60664
105817,60665
105817,60666
105817,60667
105817,60668
105817,60669
105818,60534
105818,60535
105818,60536
105818,60537
105818,60543
105818,60544
105818,60573
105818,60574
105818,60575
105818,60592
105818,60657
105818,60658
105818,60659
105818,60660
105818,60661
105818,60662
105819,60534
105819,60535
105819,60536
105819,60537
105819,60572
105819,60573
105819,60574
105819,60575
105819,60591
105819,60592
105819,60593
105819,60643
105819,60644
105820,60534
105820,60535
105820,60536
105820,60537
105820,60571
105820,60572
105820,60573
105820,60574
105820,60575
105820,60591
105820,60592
105820,60593
105820,60641
105820,60642
105820,60643
105820,60644
105820,60645
105821,60570
105821,60571
105821,60572
105821,60573
105821,60574
105821,60575
105821,60590
105821,60591
105821,60592
105821,60593
105821,60594
105821,60640
105821,60641
105821,60642
105821,60643
105821,60644
105821,60645
105821,60646
105822,60530
105822,60531
105822,60532
105822,60533
105822,60558
105822,60559
105822,60560
105822,60561
105822,60562
105822,60589
105822,60590
105822,60591
105822,60592
105822,60593
105822,60594
105822,60640
105822,60641
105822,60642
105822,60643
105822,60644
105822,60645
105822,60650
105822,60651
105822,60652
105822,60653
105822,60654
105822,60655
105822,60656
105822,60657
105822,60658
105822,60659
105822,60660
105822,60661
105822,60662
105822,60663
105822,60664
105822,60665
105822,60666
105822,60667
105822,60668
105822,60669
105822,60670
105822,60671
105822,60672
105822,60673
105822,60674
105822,60675
105822,60676
105822,60677
105822,60678
105822,60679
105822,60680
105822,60681
105822,60682
105822,60683
105823,60530
105823,60531
105823,60532
105823,60533
105823,60557
105823,60558
105823,60559
105823,60560
105823,60561
105823,60562
105823,60563
105823,60564
105823,60565
105823,60566
105823,60589
105823,60590
105823,60650
105823,60651
105823,60652
105823,60653
105823,60654
105823,60655
105823,60656
105823,60657
105823,60658
105823,60661
105823,60662
105823,60663
105823,60664
105823,60665
105823,60666
105823,60667
105823,60668
105823,60669
105823,60670
105823,60671
105823,60672
105823,60673
105823,60674
105823,60675
105823,60676
105823,60677
105823,60678
105823,60679
105823,60680
105823,60681
105823,60682
105823,60683
105824,60443
105824,60530
105824,60531
105824,60532
105824,60533
105824,60558
105824,60559
105824,60560
105824,60561
105824,60562
105824,60661
105824,60662
105824,60663
105824,60664
105824,60665
105824,60666
105824,60667
105824,60668
105824,60669
105824,60670
105824,60671
105824,60672
105824,60673
105824,60674
105824,60675
105824,60676
105824,60677
105824,60678
105824,60679
105825,60443
105825,60444
105825,60445
105825,60530
105825,60531
105825,60532
105825,60533
105825,60550
105825,60551
105825,60661
105825,60662
105825,60663
105825,60664
105825,60665
105825,60666
105825,60667
105825,60668
105825,60669
105825,60670
105825,60671
105826,60443
105826,60444
105826,60445
105826,60446
105826,60450
105826,60451
105826,60452
105826,60508
105826,60509
105826,60510
105826,60530
105826,60531
105826,60532
105826,60533
105826,60534
105826,60535
105826,60536
105826,60537
105826,60538
105826,60539
105826,60540
105826,60541
105826,60542
105826,60548
105826,60549
105826,60550
105826,60551
105826,60569
105826,60570
105826,60571
105826,60572
105826,60573
105826,60574
105826,60575
105826,60594
105826,60666
105826,60667
105826,60668
105826,60669
105827,60443
105827,60444
105827,60445
105827,60446
105827,60447
105827,60448
105827,60449
105827,60450
105827,60451
105827,60508
105827,60509
105827,60510
105827,60511
105827,60512
105827,60525
105827,60526
105827,60527
105827,60534
105827,60535
105827,60536
105827,60537
105827,60538
105827,60539
105827,60540
105827,60541
105827,60542
105827,60546
105827,60547
105827,60548
105827,60549
105827,60550
105827,60551
105827,60568
105827,60569
105827,60570
105827,60571
105827,60572
105827,60573
105827,60574
105827,60575
105827,60584
105827,60593
105827,60594
105827,60617
105827,60618
105828,60507
105828,60508
105828,60509
105828,60510
105828,60511
105828,60512
105828,60513
105828,60525
105828,60526
105828,60527
105828,60534
105828,60535
105828,60544
105828,60545
105828,60546
105828,60547
105828,60548
105828,60549
105828,60550
105828,60551
105828,60568
105828,60569
105828,60570
105828,60571
105828,60572
105828,60576
105828,60577
105828,60578
105828,60579
105828,60580
105828,60581
105828,60582
105828,60583
105828,60584
105828,60591
105828,60592
105828,60593
105828,60594
105828,60617
105828,60618
105828,60619
105828,60644
105828,60645
105828,60646
105828,60647
105828,60648
105828,60649
105828,60650
105829,60506
105829,60507
105829,60508
105829,60509
105829,60510
105829,60525
105829,60526
105829,60527
105829,60577
105829,60578
105829,60579
105829,60580
105829,60581
105829,60582
105829,60583
105829,60589
105829,60590
105829,60591
105829,60592
105829,60593
105829,60594
105829,60618
105829,60619
105829,60620
105829,60621
105829,60644
105829,60645
105829,60646
105829,60647
105829,60648
105829,60649
105829,60650
105829,60657
105829,60658
105830,60525
105830,60526
105830,60527
105830,60577
105830,60578
105830,60579
105830,60587
105830,60588
105830,60589
105830,60590
105830,60591
105830,60592
105830,60593
105830,60618
105830,60619
105830,60620
105830,60621
105830,60622
105830,60644
105830,60645
105830,60646
105830,60647
105830,60648
105830,60649
105830,60657
105830,60658
105830,60659
105830,60660
105831,60518
105831,60519
105831,60520
105831,60521
105831,60522
105831,60523
105831,60524
105831,60525
105831,60618
105831,60619
105831,60620
105831,60621
105831,60622
105831,60623
105831,60657
105831,60658
105831,60659
105831,60660
105831,60661
105832,60607
105832,60608
105832,60609
105832,60657
105832,60658
105832,60659
105832,60660
105832,60661
105832,60662
105832,60663
105833,60605
105833,60606
105833,60607
105833,60608
105833,60609
105833,60610
105833,60657
105833,60658
105834,60532
105834,60533
105834,60534
105834,60535
105834,60536
105834,60543
105834,60544
105834,60545
105834,60546
105834,60547
105834,60548
105834,60557
105834,60558
105834,60559
105834,60560
105834,60561
105834,60562
105834,60563
105834,60564
105834,60565
105834,60566
105834,60567
105834,60576
105834,60577
105834,60578
105834,60579
105834,60580
105834,60581
105834,60582
105834,60583
105834,60584
105834,60588
105834,60589
105834,60604
105834,60605
105834,60606
105834,60607
105834,60608
105834,60609
105834,60610
105834,60644
105834,60645
105834,60646
105834,60647
105834,60648
105834,60649
105834,60650
105834,60651
105834,60652
105834,60673
105835,60530
105835,60531
105835,60532
105835,60533
105835,60534
105835,60535
105835,60536
105835,60543
105835,60544
105835,60545
105835,60546
105835,60547
105835,60548
105835,60556
105835,60557
105835,60558
105835,60559
105835,60560
105835,60561
105835,60562
105835,60563
105835,60564
105835,60565
105835,60566
105835,60567
105835,60576
105835,60577
105835,60578
105835,60579
105835,60580
105835,60581
105835,60582
105835,60583
105835,60584
105835,60585
105835,60586
105835,60587
105835,60588
105835,60589
105835,60590
105835,60591
105835,60592
105835,60604
105835,60605
105835,60606
105835,60607
105835,60644
105835,60645
105835,60646
105835,60647
105835,60648
105835,60649
105835,60650
105835,60651
105835,60652
105835,60670
105835,60671
105835,60672
105835,60673
105835,60674
105835,60675
105835,60676
105835,60677
105835,60678
105835,60679
105835,60680
105835,60681
105835,60682
105835,60683
105835,60684
105835,60685
105835,60686
105835,60687
105835,60688
105835,60689
105835,60690
105835,60691
105835,60692
105835,60693
105835,60694
105835,60695
105835,60696
105835,60697
105835,60698
105835,60699
105835,60700
105835,60701
105836,60527
105836,60528
105836,60529
105836,60530
105836,60531
105836,60532
105836,60533
105836,60534
105836,60543
105836,60544
105836,60545
105836,60546
105836,60547
105836,60548
105836,60555
105836,60556
105836,60557
105836,60558
105836,60559
105836,60564
105836,60565
105836,60566
105836,60567
105836,60585
105836,60586
105836,60587
105836,60588
105836,60589
105836,60590
105836,60591
105836,60592
105836,60593
105836,60594
105836,60645
105836,60646
105836,60670
105836,60671
105836,60672
105836,60673
105836,60674
105836,60675
105836,60676
105836,60682
105836,60683
105836,60684
105836,60685
105836,60686
105836,60687
105836,60688
105836,60695
105836,60696
105836,60697
105836,60698
105836,60699
105836,60700
105836,60701
105837,60543
105837,60544
105837,60564
105837,60565
105837,60566
105837,60567
105837,60580
105837,60581
105837,60593
105837,60695
105837,60696
105837,60697
105837,60698
105837,60699
105837,60700
105838,60524
105838,60563
105838,60564
105838,60565
105838,60566
105838,60591
105838,60592
105838,60593
105838,60610
105838,60611
105838,60612
105839,60523
105839,60524
105839,60590
105839,60591
105839,60592
105839,60593
105839,60594
105839,60608
105839,60609
105839,60610
105839,60611
105839,60612
105840,60521
105840,60522
105840,60523
105840,60524
105840,60555
105840,60556
105840,60557
105840,60558
105840,60559
105840,60560
105840,60561
105840,60562
105840,60568
105840,60569
105840,60570
105840,60571
105840,60572
105840,60573
105840,60574
105840,60575
105840,60576
105840,60577
105840,60578
105840,60579
105840,60580
105840,60588
105840,60589
105840,60590
105840,60591
105840,60592
105840,60593
105840,60594
105840,60607
105840,60608
105840,60609
105840,60610
105840,60611
105840,60612
105840,60652
105840,60653
105840,60654
105840,60655
105840,60656
105840,60657
105840,60658
105840,60659
105840,60660
105840,60661
105840,60662
105840,60663
105841,60519
105841,60520
105841,60521
105841,60522
105841,60523
105841,60524
105841,60555
105841,60556
105841,60557
105841,60558
105841,60559
105841,60560
105841,60561
105841,60562
105841,60568
105841,60569
105841,60570
105841,60571
105841,60572
105841,60573
105841,60574
105841,60575
105841,60576
105841,60577
105841,60578
105841,60579
105841,60580
105841,60585
105841,60586
105841,60587
105841,60588
105841,60605
105841,60606
105841,60607
105841,60608
105841,60609
105841,60610
105841,60639
105841,60640
105841,60641
105841,60642
105841,60643
105841,60644
105841,60645
105841,60646
105841,60664
105841,60665
105841,60666
105841,60667
105841,60668
105842,60516
105842,60517
105842,60518
105842,60519
105842,60520
105842,60521
105842,60522
105842,60555
105842,60556
105842,60557
105842,60558
105842,60568
105842,60569
105842,60570
105842,60577
105842,60578
105842,60579
105842,60580
105842,60581
105842,60594
105842,60595
105842,60596
105842,60664
105842,60665
105842,60666
105842,60667
105842,60668
105842,60669
105843,60578
105843,60579
105843,60580
105843,60581
105843,60582
105843,60592
105843,60593
105843,60594
105843,60595
105843,60596
105843,60664
105843,60665
105843,60666
105843,60667
105843,60668
105843,60669
105844,60578
105844,60587
105844,60591
105844,60592
105844,60593
105844,60594
105844,60595
105844,60596
105844,60597
105844,60664
105844,60665
105844,60666
105844,60688
105844,60689
105844,60690
105844,60691
105844,60692
105844,60693
105844,60694
105845,60562
105845,60563
105845,60585
105845,60586
105845,60587
105845,60588
105845,60589
105845,60590
105845,60591
105845,60592
105845,60593
105845,60612
105845,60613
105845,60614
105845,60688
105845,60689
105845,60690
105845,60691
105845,60692
105845,60693
105845,60694
105846,60550
105846,60551
105846,60552
105846,60553
105846,60554
105846,60562
105846,60563
105846,60584
105846,60585
105846,60586
105846,60596
105846,60597
105846,60598
105846,60608
105846,60609
105846,60610
105846,60611
105846,60612
105846,60613
105846,60614
105846,60688
105846,60689
105846,60690
105846,60691
105846,60692
105846,60693
105847,60543
105847,60544
105847,60545
105847,60546
105847,60547
105847,60548
105847,60549
105847,60550
105847,60551
105847,60552
105847,60553
105847,60554
105847,60561
105847,60562
105847,60563
105847,60564
105847,60585
105847,60586
105847,60587
105847,60594
105847,60595
105847,60596
105847,60597
105847,60598
105847,60606
105847,60607
105847,60608
105847,60609
105847,60610
105847,60611
105847,60612
105847,60613
105847,60614
105847,60615
105847,60695
105847,60696
105847,60697
105847,60698
105847,60699
105847,60700
105847,60701
105847,60702
105847,60703
105847,60704
105848,60543
105848,60544
105848,60545
105848,60560
105848,60561
105848,60562
105848,60563
105848,60564
105848,60565
105848,60583
105848,60584
105848,60585
105848,60586
105848,60587
105848,60593
105848,60594
105848,60595
105848,60596
105848,60597
105848,60598
105848,60599
105848,60682
105848,60695
105848,60696
105848,60697
105848,60698
105848,60699
105848,60700
105848,60701
105848,60702
105848,60703
105848,60735
105848,60736
105848,60737
105848,60738
105848,60739
105848,60740
105848,60741
105848,60742
105848,60743
105848,60744
105848,60745
105848,60746
105848,60747
105849,60543
105849,60559
105849,60560
105849,60561
105849,60562
105849,60563
105849,60564
105849,60581
105849,60582
105849,60583
105849,60584
105849,60591
105849,60592
105849,60593
105849,60594
105849,60595
105849,60727
105849,60728
105849,60729
105849,60730
105849,60731
105849,60732
105849,60733
105849,60734
105849,60735
105849,60736
105849,60737
105849,60738
105849,60739
105849,60740
105849,60741
105849,60742
105849,60743
105849,60744
105849,60745
105849,60746
105849,60747
105849,60748
105850,60543
105850,60544
105850,60545
105850,60546
105850,60719
105850,60720
105850,60721
105850,60722
105850,60723
105851,60543
105851,60544
105851,60545
105851,60546
105851,60547
105851,60548
105851,60565
105851,60566
105851,60574
105851,60575
105851,60578
105852,60543
105852,60544
105852,60545
105852,60546
105852,60547
105852,60548
105852,60549
105852,60565
105852,60566
105852,60574
105852,60575
105852,60576
105852,60577
105852,60578
105852,60579
105852,60614
105852,60615
105852,60616
105852,60617
105853,60543
105853,60544
105853,60561
105853,60562
105853,60563
105853,60564
105853,60565
105853,60566
105853,60574
105853,60575
105853,60576
105853,60577
105853,60578
105853,60579
105853,60580
105853,60581
105853,60592
105853,60593
105853,60612
105853,60613
105853,60614
105853,60615
105853,60616
105853,60617
105854,60561
105854,60562
105854,60563
105854,60564
105854,60565
105854,60566
105854,60567
105854,60574
105854,60575
105854,60576
105854,60588
105854,60589
105854,60590
105854,60591
105854,60592
105854,60593
105854,60594
105854,60609
105854,60610
105854,60611
105854,60612
105854,60613
105854,60614
105854,60615
105854,60616
105854,60617
105855,60561
105855,60562
105855,60563
105855,60586
105855,60587
105855,60588
105855,60589
105855,60590
105855,60591
105855,60592
105855,60593
105855,60594
105855,60595
105855,60606
105856,60584
105856,60585
105856,60586
105856,60587
105856,60588
105856,60589
105856,60590
105856,60591
105856,60592
105856,60593
105856,60604
105857,60582
105857,60583
105857,60584
105857,60585
105857,60586
105857,60587
105857,60588
105857,60589
105857,60603
105857,60604
105858,60484
105858,60485
105858,60486
105858,60577
105858,60578
105858,60579
105858,60580
105858,60581
105858,60582
105858,60583
105858,60584
105858,60585
105858,60586
105858,60601
105858,60602
105858,60603
105858,60604
105859,60483
105859,60484
105859,60485
105859,60486
105859,60487
105859,60488
105859,60518
105859,60519
105859,60520
105859,60521
105859,60522
105859,60523
105859,60524
105859,60525
105859,60526
105859,60527
105859,60528
105859,60529
105859,60530
105859,60531
105859,60532
105859,60533
105859,60534
105859,60535
105859,60536
105859,60537
105859,60538
105859,60539
105859,60540
105859,60541
105859,60542
105859,60555
105859,60556
105859,60557
105859,60558
105859,60559
105859,60574
105859,60575
105859,60576
105859,60577
105859,60578
105859,60579
105859,60580
105859,60581
105859,60582
105859,60583
105859,60599
105859,60600
105859,60601
105859,60602
105859,60603
105859,60604
105860,60482
105860,60483
105860,60484
105860,60485
105860,60486
105860,60487
105860,60488
105860,60518
105860,60519
105860,60520
105860,60521
105860,60522
105860,60523
105860,60524
105860,60525
105860,60526
105860,60555
105860,60556
105860,60557
105860,60558
105860,60559
105860,60560
105860,60561
105860,60574
105860,60575
105860,60576
105860,60597
105860,60598
105860,60599
105860,60600
105860,60601
105860,60602
105860,60603
105861,60482
105861,60483
105861,60484
105861,60485
105861,60518
105861,60519
105861,60520
105861,60521
105861,60522
105861,60523
105861,60555
105861,60556
105861,60557
105861,60558
105861,60559
105861,60560
105861,60561
105861,60562
105861,60709
105862,60448
105862,60449
105862,60710
105862,60711
105863,60447
105863,60448
105863,60449
105863,60591
105863,60710
105863,60711
105863,60712
105864,60447
105864,60448
105864,60449
105864,60588
105864,60589
105864,60590
105864,60591
105864,60611
105864,60612
105864,60613
105864,60614
105864,60711
105864,60712
105864,60713
105864,60714
105865,60445
105865,60446
105865,60447
105865,60448
105865,60449
105865,60585
105865,60586
105865,60587
105865,60588
105865,60589
105865,60590
105865,60591
105865,60592
105865,60609
105865,60610
105865,60611
105865,60612
105865,60613
105865,60614
105865,60615
105865,60616
105865,60712
105865,60713
105865,60714
105865,60715
105865,60716
105866,60445
105866,60446
105866,60447
105866,60448
105866,60449
105866,60582
105866,60583
105866,60584
105866,60585
105866,60586
105866,60587
105866,60588
105866,60608
105866,60609
105866,60610
105866,60611
105866,60612
105866,60613
105866,60614
105866,60615
105866,60687
105866,60712
105866,60713
105866,60714
105866,60715
105866,60716
105867,60445
105867,60446
105867,60606
105867,60607
105867,60608
105867,60683
105867,60684
105867,60685
105867,60686
105867,60687
105868,60603
105868,60604
105868,60605
105868,60606
105868,60607
105868,60608
105868,60679
105868,60680
105868,60681
105868,60682
105868,60683
105868,60684
105868,60685
105868,60686
105868,60687
105869,60591
105869,60592
105869,60593
105869,60594
105869,60595
105869,60596
105869,60597
105869,60598
105869,60599
105869,60600
105869,60601
105869,60602
105869,60603
105869,60604
105869,60605
105869,60674
105869,60675
105869,60676
105869,60677
105869,60678
105870,60589
105870,60590
105870,60591
105870,60592
105870,60593
105870,60594
105870,60609
105870,60619
105870,60620
105871,60589
105871,60590
105871,60591
105871,60592
105871,60593
105871,60594
105871,60607
105871,60608
105871,60609
105871,60610
105871,60618
105871,60619
105871,60620
105871,60621
105872,60588
105872,60589
105872,60590
105872,60591
105872,60592
105872,60606
105872,60607
105872,60608
105872,60609
105872,60610
105872,60616
105872,60617
105872,60618
105872,60619
105872,60620
105872,60621
105873,60561
105873,60562
105873,60563
105873,60564
105873,60565
105873,60566
105873,60567
105873,60580
105873,60581
105873,60582
105873,60583
105873,60584
105873,60585
105873,60586
105873,60587
105873,60588
105873,60604
105873,60605
105873,60606
105873,60607
105873,60608
105873,60609
105873,60610
105873,60614
105873,60615
105873,60616
105873,60617
105873,60618
105873,60619
105873,60620
105873,60621
105874,60439
105874,60440
105874,60441
105874,60442
105874,60443
105874,60559
105874,60560
105874,60561
105874,60562
105874,60563
105874,60564
105874,60565
105874,60566
105874,60567
105874,60580
105874,60581
105874,60582
105874,60583
105874,60584
105874,60585
105874,60586
105874,60587
105874,60588
105874,60602
105874,60603
105874,60604
105875,60439
105875,60440
105875,60441
105875,60442
105875,60443
105875,60444
105875,60445
105875,60446
105875,60447
105875,60448
105875,60449
105875,60550
105875,60551
105875,60552
105875,60553
105875,60554
105875,60555
105875,60556
105875,60557
105875,60558
105875,60559
105875,60560
105875,60561
105875,60562
105875,60563
105875,60564
105875,60565
105875,60566
105875,60567
105875,60580
105876,60439
105876,60440
105876,60441
105876,60442
105876,60543
105876,60544
105876,60545
105876,60546
105876,60547
105876,60548
105876,60549
105876,60550
105876,60551
105876,60552
105876,60553
105876,60554
105876,60555
105876,60556
105876,60557
105876,60558
105876,60559
105876,60560
105876,60563
105876,60564
105876,60565
105876,60566
105876,60567
105877,60477
105877,60478
105877,60479
105877,60480
105877,60481
105877,60482
105877,60483
105877,60484
105877,60485
105877,60486
105877,60487
105877,60488
105877,60489
105877,60490
105877,60491
105877,60543
105877,60544
105877,60545
105878,60477
105878,60478
105878,60479
105878,60480
105878,60481
105881,60447
105882,60443
105882,60444
105882,60445
105882,60446
105882,60447
105883,60439
105883,60440
105883,60441
105883,60442
105883,60443
105883,60444
105883,60445
105883,60446
105884,60439
105884,60440
105884,60441
105884,60442
105884,60443
105884,60444
105884,60543
105884,60544
105884,60545
105884,60546
105884,60547
105884,60548
105884,60549
105884,60550
105884,60551
105884,60552
105884,60553
105884,60554
105884,60555
105884,60556
105884,60557
105884,60558
105884,60559
105884,60560
105884,60561
105884,60562
105884,60563
105884,60564
105884,60565
105884,60566
105884,60567
105885,60543
105885,60544
105885,60545
105885,60546
105885,60547
105885,60548
105885,60549
105885,60550
105885,60555
105885,60556
105885,60557
105885,60558
105885,60559
105885,60560
105885,60561
105885,60562
105885,60563
105885,60564
105885,60565
105885,60566
105885,60567
105886,60555
105886,60556
105886,60557
105886,60558
105886,60559
105886,60560
105886,60562
105886,60563
105886,60564
105886,60565
105886,60566
105886,60567
105887,60562
105887,60563
105891,60543
105891,60544
105891,60545
105891,60546
105891,60547
105891,60548
105891,60549
105891,60550
105891,60551
105891,60552
105891,60553
105891,60554
105892,60543
105892,60544
105892,60545
105892,60546
105892,60547
105892,60548
105892,60549
105892,60550
105892,60555
105892,60556
105892,60557
105892,60558
105892,60559
105892,60560
105893,60555
105893,60556
105893,60557
105893,60558
105893,60559
105893,60560
105894,60555
105894,60556
105894,60557
105894,60558
105894,60559
105894,60560
105894,60561
105895,60555
105914,60472
105914,60473
105914,60474
105915,60472
105915,60473
105915,60474
105915,60475
105915,60476
105915,60477
105915,60478
105916,60473
105916,60474
105916,60475
105916,60476
105916,60477
105916,60478
105916,60479
105917,60473
105917,60474
105917,60475
